exactitud,precision_macro,sensibilidad_macro,f1_macro,f1_weighted
0.895,0.895204428982905,0.8942137241369977,0.8943012830185494,0.8958383163428433
