exactitud,precision_macro,sensibilidad_macro,f1_macro,f1_weighted
0.7775,0.7769782199606761,0.7746688047199557,0.7756038025496533,0.7789234531880203
