exactitud,precision_macro,sensibilidad_macro,f1_macro,f1_weighted
0.82,0.8212964371001172,0.819848127782142,0.820410488683787,0.8205527710122634
