exactitud,precision_macro,sensibilidad_macro,f1_macro,f1_weighted
0.8875,0.8867111804510812,0.8861706518356135,0.8862656297571218,0.8880229197134244
