exactitud,precision_macro,sensibilidad_macro,f1_macro,f1_weighted
0.8475,0.8489611837437924,0.8473796431376949,0.8480278467554966,0.8481634162363523
